chapter-counter,verse-counter,arabic-verse-weight
1,0,3
1,1,6
1,2,6
1,3,8
1,4,8
1,5,2
1,6,7
2,0,3
2,1,8
2,2,7
2,3,6
2,4,4
2,5,5
2,6,7
2,7,6
2,8,7
2,9,1
2,10,9
2,11,3
2,12,2
2,13,5
2,14,6
2,15,8
2,16,7
2,17,7
2,18,6
2,19,9
2,20,3
2,21,6
2,22,3
2,23,2
2,24,9
2,25,9
2,26,2
2,27,7
2,28,5
2,29,4
2,30,8
2,31,6
2,32,9
2,33,7
2,34,7
2,35,6
2,36,5
2,37,2
2,38,9
2,39,4
2,40,3
2,41,3
2,42,2
2,43,8
2,44,3
2,45,5
2,46,6
2,47,1
2,48,9
2,49,7
2,50,4
2,51,4
2,52,3
2,53,3
2,54,6
2,55,3
2,56,1
2,57,1
2,58,6
2,59,8
2,60,3
2,61,2
2,62,3
2,63,9
2,64,8
2,65,8
2,66,2
2,67,1
2,68,2
2,69,2
2,70,2
2,71,8
2,72,6
2,73,6
2,74,8
2,75,4
2,76,4
2,77,7
2,78,9
2,79,4
2,80,9
2,81,4
2,82,6
2,83,9
2,84,6
2,85,9
2,86,6
2,87,2
2,88,2
2,89,7
2,90,2
2,91,2
2,92,8
2,93,2
2,94,3
2,95,1
2,96,7
2,97,5
2,98,7
2,99,4
2,100,3
2,101,5
2,102,7
2,103,5
2,104,2
2,105,5
2,106,6
2,107,3
2,108,9
2,109,6
2,110,2
2,111,8
2,112,9
2,113,4
2,114,9
2,115,6
2,116,9
2,117,8
2,118,5
2,119,6
2,120,7
2,121,8
2,122,1
2,123,1
2,124,5
2,125,9
2,126,6
2,127,2
2,128,4
2,129,8
2,130,9
2,131,9
2,132,6
2,133,4
2,134,1
2,135,4
2,136,2
2,137,1
2,138,4
2,139,7
2,140,6
2,141,1
2,142,4
2,143,5
2,144,4
2,145,8
2,146,9
2,147,5
2,148,1
2,149,5
2,150,3
2,151,2
2,152,4
2,153,2
2,154,3
2,155,1
2,156,5
2,157,9
2,158,7
2,159,5
2,160,5
2,161,8
2,162,7
2,163,3
2,164,8
2,165,9
2,166,8
2,167,5
2,168,7
2,169,7
2,170,5
2,171,1
2,172,8
2,173,9
2,174,5
2,175,8
2,176,7
2,177,8
2,178,3
2,179,1
2,180,6
2,181,3
2,182,4
2,183,1
2,184,7
2,185,2
2,186,5
2,187,1
2,188,7
2,189,2
2,190,8
2,191,3
2,192,4
2,193,1
2,194,6
2,195,7
2,196,8
2,197,5
2,198,2
2,199,8
2,200,9
2,201,9
2,202,6
2,203,6
2,204,3
2,205,4
2,206,9
2,207,5
2,208,3
2,209,8
2,210,5
2,211,1
2,212,5
2,213,7
2,214,1
2,215,4
2,216,6
2,217,7
2,218,6
2,219,6
2,220,1
2,221,1
2,222,3
2,223,1
2,224,9
2,225,9
2,226,9
2,227,6
2,228,3
2,229,3
2,230,6
2,231,1
2,232,2
2,233,2
2,234,3
2,235,8
2,236,8
2,237,2
2,238,5
2,239,6
2,240,8
2,241,6
2,242,1
2,243,2
2,244,8
2,245,7
2,246,2
2,247,6
2,248,2
2,249,7
2,250,6
2,251,6
2,252,4
2,253,2
2,254,6
2,255,4
2,256,7
2,257,7
2,258,1
2,259,9
2,260,3
2,261,9
2,262,9
2,263,6
2,264,8
2,265,6
2,266,2
2,267,2
2,268,8
2,269,8
2,270,1
2,271,5
2,272,7
2,273,1
2,274,7
2,275,3
2,276,6
2,277,5
2,278,4
2,279,8
2,280,9
2,281,9
2,282,1
2,283,1
2,284,6
2,285,3
2,286,5
3,0,3
3,1,8
3,2,7
3,3,6
3,4,6
3,5,1
3,6,5
3,7,6
3,8,4
3,9,3
3,10,8
3,11,4
3,12,5
3,13,7
3,14,8
3,15,3
3,16,6
3,17,1
3,18,8
3,19,3
3,20,2
3,21,8
3,22,8
3,23,9
3,24,9
3,25,2
3,26,7
3,27,6
3,28,9
3,29,9
3,30,9
3,31,5
3,32,4
3,33,7
3,34,6
3,35,1
3,36,2
3,37,8
3,38,4
3,39,9
3,40,5
3,41,7
3,42,5
3,43,8
3,44,1
3,45,5
3,46,4
3,47,7
3,48,9
3,49,3
3,50,2
3,51,9
3,52,8
3,53,7
3,54,3
3,55,3
3,56,9
3,57,9
3,58,8
3,59,5
3,60,3
3,61,3
3,62,9
3,63,1
3,64,7
3,65,4
3,66,9
3,67,6
3,68,9
3,69,2
3,70,8
3,71,4
3,72,5
3,73,4
3,74,4
3,75,1
3,76,6
3,77,3
3,78,2
3,79,5
3,80,8
3,81,3
3,82,9
3,83,6
3,84,2
3,85,8
3,86,2
3,87,5
3,88,7
3,89,9
3,90,4
3,91,6
3,92,8
3,93,4
3,94,5
3,95,5
3,96,6
3,97,9
3,98,5
3,99,1
3,100,9
3,101,7
3,102,7
3,103,9
3,104,5
3,105,3
3,106,9
3,107,8
3,108,1
3,109,4
3,110,2
3,111,3
3,112,2
3,113,6
3,114,6
3,115,5
3,116,7
3,117,1
3,118,2
3,119,8
3,120,3
3,121,6
3,122,5
3,123,5
3,124,1
3,125,3
3,126,4
3,127,1
3,128,2
3,129,3
3,130,8
3,131,9
3,132,1
3,133,8
3,134,5
3,135,7
3,136,6
3,137,5
3,138,5
3,139,5
3,140,3
3,141,2
3,142,6
3,143,9
3,144,5
3,145,1
3,146,7
3,147,3
3,148,9
3,149,5
3,150,9
3,151,2
3,152,3
3,153,1
3,154,4
3,155,7
3,156,7
3,157,5
3,158,8
3,159,4
3,160,5
3,161,9
3,162,2
3,163,8
3,164,4
3,165,4
3,166,4
3,167,6
3,168,8
3,169,5
3,170,7
3,171,9
3,172,1
3,173,2
3,174,3
3,175,9
3,176,6
3,177,9
3,178,8
3,179,6
3,180,4
3,181,7
3,182,1
3,183,5
3,184,1
3,185,2
3,186,6
3,187,3
3,188,6
3,189,3
3,190,9
3,191,2
3,192,7
3,193,5
3,194,6
3,195,4
3,196,3
3,197,5
3,198,8
3,199,7
3,200,4
4,0,3
4,1,9
4,2,4
4,3,7
4,4,3
4,5,3
4,6,8
4,7,3
4,8,7
4,9,5
4,10,3
4,11,5
4,12,4
4,13,3
4,14,9
4,15,6
4,16,9
4,17,9
4,18,9
4,19,9
4,20,6
4,21,4
4,22,2
4,23,1
4,24,5
4,25,8
4,26,4
4,27,8
4,28,4
4,29,3
4,30,6
4,31,9
4,32,7
4,33,8
4,34,6
4,35,3
4,36,7
4,37,7
4,38,7
4,39,7
4,40,6
4,41,5
4,42,6
4,43,7
4,44,9
4,45,2
4,46,2
4,47,8
4,48,6
4,49,4
4,50,5
4,51,6
4,52,9
4,53,2
4,54,7
4,55,5
4,56,5
4,57,7
4,58,6
4,59,9
4,60,1
4,61,8
4,62,7
4,63,6
4,64,8
4,65,3
4,66,5
4,67,8
4,68,5
4,69,6
4,70,4
4,71,4
4,72,8
4,73,3
4,74,3
4,75,5
4,76,1
4,77,6
4,78,2
4,79,3
4,80,1
4,81,6
4,82,5
4,83,1
4,84,1
4,85,5
4,86,5
4,87,5
4,88,7
4,89,6
4,90,6
4,91,2
4,92,5
4,93,9
4,94,7
4,95,9
4,96,2
4,97,2
4,98,8
4,99,9
4,100,5
4,101,6
4,102,2
4,103,5
4,104,7
4,105,3
4,106,1
4,107,3
4,108,3
4,109,9
4,110,9
4,111,3
4,112,5
4,113,1
4,114,1
4,115,2
4,116,8
4,117,4
4,118,6
4,119,7
4,120,2
4,121,4
4,122,7
4,123,6
4,124,5
4,125,9
4,126,9
4,127,1
4,128,3
4,129,2
4,130,4
4,131,7
4,132,1
4,133,7
4,134,3
4,135,1
4,136,7
4,137,5
4,138,3
4,139,7
4,140,3
4,141,4
4,142,4
4,143,2
4,144,7
4,145,1
4,146,1
4,147,3
4,148,3
4,149,3
4,150,7
4,151,3
4,152,5
4,153,1
4,154,5
4,155,3
4,156,8
4,157,4
4,158,6
4,159,7
4,160,6
4,161,3
4,162,6
4,163,2
4,164,8
4,165,5
4,166,3
4,167,5
4,168,1
4,169,3
4,170,4
4,171,1
4,172,2
4,173,3
4,174,7
4,175,9
4,176,7
5,0,3
5,1,9
5,2,4
5,3,3
5,4,7
5,5,3
5,6,3
5,7,4
5,8,8
5,9,3
5,10,8
5,11,4
5,12,9
5,13,3
5,14,1
5,15,6
5,16,5
5,17,7
5,18,1
5,19,4
5,20,9
5,21,3
5,22,6
5,23,7
5,24,9
5,25,5
5,26,5
5,27,7
5,28,6
5,29,9
5,30,8
5,31,7
5,32,2
5,33,8
5,34,4
5,35,3
5,36,1
5,37,3
5,38,5
5,39,1
5,40,7
5,41,8
5,42,6
5,43,3
5,44,3
5,45,4
5,46,3
5,47,7
5,48,2
5,49,1
5,50,6
5,51,6
5,52,9
5,53,4
5,54,5
5,55,6
5,56,2
5,57,5
5,58,6
5,59,7
5,60,1
5,61,9
5,62,2
5,63,3
5,64,2
5,65,7
5,66,6
5,67,5
5,68,4
5,69,9
5,70,1
5,71,3
5,72,7
5,73,2
5,74,4
5,75,7
5,76,2
5,77,9
5,78,8
5,79,9
5,80,9
5,81,9
5,82,6
5,83,4
5,84,4
5,85,2
5,86,8
5,87,9
5,88,1
5,89,6
5,90,3
5,91,9
5,92,3
5,93,4
5,94,2
5,95,7
5,96,5
5,97,9
5,98,6
5,99,4
5,100,5
5,101,4
5,102,8
5,103,7
5,104,9
5,105,9
5,106,6
5,107,3
5,108,9
5,109,5
5,110,3
5,111,3
5,112,2
5,113,2
5,114,9
5,115,1
5,116,8
5,117,9
5,118,4
5,119,5
5,120,8
6,0,3
6,1,1
6,2,7
6,3,7
6,4,2
6,5,4
6,6,7
6,7,8
6,8,4
6,9,6
6,10,8
6,11,1
6,12,7
6,13,7
6,14,8
6,15,9
6,16,3
6,17,6
6,18,7
6,19,7
6,20,5
6,21,5
6,22,6
6,23,3
6,24,8
6,25,1
6,26,9
6,27,6
6,28,8
6,29,5
6,30,6
6,31,5
6,32,2
6,33,3
6,34,5
6,35,1
6,36,7
6,37,2
6,38,7
6,39,1
6,40,6
6,41,1
6,42,5
6,43,9
6,44,8
6,45,2
6,46,9
6,47,7
6,48,8
6,49,1
6,50,7
6,51,3
6,52,7
6,53,5
6,54,7
6,55,4
6,56,1
6,57,3
6,58,3
6,59,5
6,60,6
6,61,7
6,62,4
6,63,1
6,64,1
6,65,5
6,66,7
6,67,7
6,68,4
6,69,1
6,70,2
6,71,8
6,72,2
6,73,6
6,74,8
6,75,6
6,76,7
6,77,6
6,78,9
6,79,2
6,80,3
6,81,6
6,82,6
6,83,4
6,84,6
6,85,3
6,86,4
6,87,3
6,88,7
6,89,3
6,90,7
6,91,9
6,92,4
6,93,7
6,94,2
6,95,4
6,96,7
6,97,6
6,98,5
6,99,9
6,100,2
6,101,4
6,102,9
6,103,7
6,104,6
6,105,2
6,106,8
6,107,6
6,108,4
6,109,7
6,110,8
6,111,7
6,112,3
6,113,3
6,114,1
6,115,8
6,116,6
6,117,5
6,118,6
6,119,3
6,120,1
6,121,4
6,122,9
6,123,9
6,124,7
6,125,6
6,126,1
6,127,6
6,128,8
6,129,6
6,130,4
6,131,7
6,132,2
6,133,9
6,134,5
6,135,8
6,136,7
6,137,4
6,138,8
6,139,5
6,140,2
6,141,5
6,142,2
6,143,7
6,144,2
6,145,6
6,146,9
6,147,2
6,148,1
6,149,2
6,150,1
6,151,9
6,152,3
6,153,6
6,154,4
6,155,4
6,156,1
6,157,2
6,158,4
6,159,9
6,160,7
6,161,2
6,162,3
6,163,2
6,164,8
6,165,9
7,0,3
7,1,8
7,2,5
7,3,8
7,4,2
7,5,2
7,6,2
7,7,7
7,8,7
7,9,7
7,10,4
7,11,6
7,12,3
7,13,1
7,14,7
7,15,7
7,16,2
7,17,3
7,18,6
7,19,2
7,20,1
7,21,9
7,22,6
7,23,8
7,24,6
7,25,6
7,26,8
7,27,1
7,28,3
7,29,1
7,30,5
7,31,6
7,32,5
7,33,9
7,34,9
7,35,7
7,36,9
7,37,5
7,38,4
7,39,4
7,40,4
7,41,3
7,42,6
7,43,1
7,44,5
7,45,8
7,46,7
7,47,9
7,48,9
7,49,6
7,50,7
7,51,6
7,52,7
7,53,7
7,54,6
7,55,5
7,56,4
7,57,4
7,58,8
7,59,4
7,60,8
7,61,5
7,62,9
7,63,4
7,64,6
7,65,1
7,66,1
7,67,1
7,68,1
7,69,6
7,70,3
7,71,1
7,72,5
7,73,2
7,74,7
7,75,9
7,76,7
7,77,3
7,78,9
7,79,7
7,80,1
7,81,6
7,82,9
7,83,9
7,84,2
7,85,8
7,86,6
7,87,1
7,88,9
7,89,4
7,90,8
7,91,9
7,92,2
7,93,6
7,94,4
7,95,5
7,96,6
7,97,2
7,98,1
7,99,4
7,100,2
7,101,5
7,102,8
7,103,3
7,104,3
7,105,2
7,106,1
7,107,1
7,108,1
7,109,2
7,110,2
7,111,9
7,112,8
7,113,5
7,114,7
7,115,7
7,116,7
7,117,3
7,118,2
7,119,9
7,120,2
7,121,8
7,122,1
7,123,2
7,124,2
7,125,6
7,126,5
7,127,8
7,128,2
7,129,9
7,130,3
7,131,7
7,132,9
7,133,4
7,134,5
7,135,9
7,136,2
7,137,5
7,138,9
7,139,6
7,140,4
7,141,8
7,142,7
7,143,1
7,144,1
7,145,4
7,146,5
7,147,5
7,148,4
7,149,3
7,150,4
7,151,9
7,152,6
7,153,2
7,154,5
7,155,4
7,156,4
7,157,2
7,158,2
7,159,1
7,160,3
7,161,1
7,162,1
7,163,8
7,164,1
7,165,4
7,166,5
7,167,8
7,168,2
7,169,4
7,170,4
7,171,9
7,172,4
7,173,1
7,174,8
7,175,3
7,176,2
7,177,1
7,178,9
7,179,6
7,180,3
7,181,2
7,182,3
7,183,1
7,184,9
7,185,9
7,186,2
7,187,9
7,188,1
7,189,3
7,190,9
7,191,2
7,192,1
7,193,4
7,194,6
7,195,3
7,196,6
7,197,3
7,198,2
7,199,6
7,200,7
7,201,2
7,202,7
7,203,5
7,204,3
7,205,9
7,206,1
8,0,3
8,1,2
8,2,8
8,3,5
8,4,3
8,5,6
8,6,5
8,7,9
8,8,1
8,9,4
8,10,5
8,11,7
8,12,3
8,13,7
8,14,7
8,15,8
8,16,7
8,17,6
8,18,9
8,19,1
8,20,9
8,21,1
8,22,3
8,23,4
8,24,8
8,25,6
8,26,8
8,27,3
8,28,9
8,29,1
8,30,2
8,31,4
8,32,8
8,33,4
8,34,4
8,35,5
8,36,2
8,37,5
8,38,6
8,39,6
8,40,6
8,41,6
8,42,7
8,43,5
8,44,3
8,45,8
8,46,5
8,47,8
8,48,4
8,49,8
8,50,9
8,51,1
8,52,1
8,53,9
8,54,9
8,55,8
8,56,5
8,57,8
8,58,2
8,59,6
8,60,2
8,61,6
8,62,8
8,63,5
8,64,7
8,65,9
8,66,2
8,67,6
8,68,1
8,69,4
8,70,1
8,71,2
8,72,6
8,73,8
8,74,6
8,75,4
9,0,0
9,1,1
9,2,8
9,3,6
9,4,9
9,5,7
9,6,4
9,7,8
9,8,3
9,9,7
9,10,9
9,11,7
9,12,2
9,13,3
9,14,8
9,15,5
9,16,8
9,17,4
9,18,6
9,19,9
9,20,2
9,21,3
9,22,1
9,23,6
9,24,5
9,25,3
9,26,4
9,27,9
9,28,5
9,29,7
9,30,2
9,31,9
9,32,5
9,33,5
9,34,8
9,35,7
9,36,1
9,37,5
9,38,4
9,39,2
9,40,4
9,41,1
9,42,9
9,43,4
9,44,5
9,45,8
9,46,9
9,47,1
9,48,5
9,49,5
9,50,4
9,51,5
9,52,5
9,53,8
9,54,6
9,55,1
9,56,7
9,57,2
9,58,9
9,59,2
9,60,3
9,61,2
9,62,6
9,63,6
9,64,8
9,65,7
9,66,1
9,67,3
9,68,5
9,69,4
9,70,9
9,71,2
9,72,7
9,73,8
9,74,1
9,75,7
9,76,8
9,77,5
9,78,1
9,79,4
9,80,3
9,81,8
9,82,8
9,83,3
9,84,4
9,85,7
9,86,3
9,87,8
9,88,3
9,89,7
9,90,4
9,91,5
9,92,5
9,93,2
9,94,8
9,95,2
9,96,2
9,97,5
9,98,7
9,99,4
9,100,7
9,101,3
9,102,6
9,103,8
9,104,7
9,105,9
9,106,3
9,107,6
9,108,2
9,109,8
9,110,7
9,111,1
9,112,1
9,113,8
9,114,7
9,115,1
9,116,4
9,117,8
9,118,1
9,119,4
9,120,1
9,121,1
9,122,3
9,123,3
9,124,3
9,125,6
9,126,9
9,127,7
9,128,3
9,129,3
10,0,3
10,1,8
10,2,3
10,3,2
10,4,8
10,5,3
10,6,3
10,7,1
10,8,9
10,9,5
10,10,7
10,11,7
10,12,5
10,13,8
10,14,1
10,15,9
10,16,4
10,17,3
10,18,1
10,19,8
10,20,7
10,21,4
10,22,8
10,23,4
10,24,3
10,25,9
10,26,1
10,27,2
10,28,9
10,29,9
10,30,4
10,31,7
10,32,8
10,33,1
10,34,1
10,35,5
10,36,9
10,37,3
10,38,4
10,39,6
10,40,3
10,41,2
10,42,7
10,43,3
10,44,6
10,45,8
10,46,9
10,47,4
10,48,5
10,49,5
10,50,4
10,51,6
10,52,7
10,53,9
10,54,7
10,55,8
10,56,9
10,57,5
10,58,2
10,59,1
10,60,9
10,61,3
10,62,5
10,63,8
10,64,1
10,65,6
10,66,9
10,67,1
10,68,9
10,69,9
10,70,2
10,71,2
10,72,9
10,73,6
10,74,9
10,75,9
10,76,1
10,77,3
10,78,8
10,79,6
10,80,3
10,81,2
10,82,6
10,83,5
10,84,3
10,85,4
10,86,8
10,87,2
10,88,1
10,89,5
10,90,9
10,91,5
10,92,2
10,93,9
10,94,8
10,95,2
10,96,1
10,97,1
10,98,3
10,99,4
10,100,2
10,101,3
10,102,2
10,103,3
10,104,8
10,105,9
10,106,6
10,107,6
10,108,6
10,109,6
11,0,3
11,1,8
11,2,2
11,3,6
11,4,4
11,5,3
11,6,5
11,7,8
11,8,1
11,9,9
11,10,7
11,11,9
11,12,1
11,13,9
11,14,8
11,15,4
11,16,9
11,17,5
11,18,7
11,19,8
11,20,1
11,21,2
11,22,2
11,23,5
11,24,6
11,25,8
11,26,2
11,27,6
11,28,9
11,29,4
11,30,1
11,31,3
11,32,7
11,33,5
11,34,9
11,35,4
11,36,8
11,37,8
11,38,3
11,39,5
11,40,9
11,41,7
11,42,9
11,43,4
11,44,5
11,45,7
11,46,8
11,47,4
11,48,5
11,49,4
11,50,4
11,51,9
11,52,4
11,53,2
11,54,2
11,55,8
11,56,8
11,57,7
11,58,2
11,59,8
11,60,1
11,61,9
11,62,4
11,63,8
11,64,4
11,65,8
11,66,4
11,67,4
11,68,3
11,69,6
11,70,2
11,71,7
11,72,1
11,73,3
11,74,3
11,75,3
11,76,9
11,77,5
11,78,6
11,79,1
11,80,2
11,81,2
11,82,9
11,83,7
11,84,9
11,85,6
11,86,6
11,87,9
11,88,7
11,89,9
11,90,3
11,91,9
11,92,1
11,93,6
11,94,1
11,95,6
11,96,6
11,97,3
11,98,7
11,99,6
11,100,5
11,101,6
11,102,6
11,103,1
11,104,6
11,105,7
11,106,6
11,107,6
11,108,4
11,109,6
11,110,7
11,111,1
11,112,7
11,113,3
11,114,9
11,115,7
11,116,6
11,117,4
11,118,1
11,119,6
11,120,5
11,121,7
11,122,4
11,123,3
12,0,3
12,1,5
12,2,2
12,3,3
12,4,9
12,5,7
12,6,8
12,7,4
12,8,7
12,9,1
12,10,1
12,11,8
12,12,8
12,13,6
12,14,2
12,15,1
12,16,5
12,17,9
12,18,1
12,19,3
12,20,6
12,21,4
12,22,1
12,23,8
12,24,3
12,25,4
12,26,6
12,27,1
12,28,7
12,29,5
12,30,6
12,31,1
12,32,5
12,33,2
12,34,4
12,35,4
12,36,3
12,37,5
12,38,4
12,39,7
12,40,6
12,41,2
12,42,5
12,43,9
12,44,9
12,45,1
12,46,1
12,47,4
12,48,4
12,49,6
12,50,3
12,51,6
12,52,5
12,53,1
12,54,3
12,55,2
12,56,9
12,57,5
12,58,3
12,59,6
12,60,6
12,61,9
12,62,6
12,63,5
12,64,3
12,65,5
12,66,4
12,67,5
12,68,6
12,69,9
12,70,7
12,71,3
12,72,9
12,73,5
12,74,8
12,75,7
12,76,3
12,77,7
12,78,3
12,79,4
12,80,9
12,81,3
12,82,7
12,83,2
12,84,4
12,85,4
12,86,7
12,87,7
12,88,4
12,89,9
12,90,2
12,91,3
12,92,1
12,93,8
12,94,5
12,95,7
12,96,6
12,97,2
12,98,6
12,99,5
12,100,8
12,101,7
12,102,2
12,103,6
12,104,8
12,105,5
12,106,6
12,107,3
12,108,3
12,109,1
12,110,5
12,111,1
13,0,3
13,1,3
13,2,2
13,3,9
13,4,7
13,5,7
13,6,3
13,7,6
13,8,6
13,9,3
13,10,7
13,11,8
13,12,6
13,13,4
13,14,9
13,15,8
13,16,9
13,17,4
13,18,3
13,19,6
13,20,8
13,21,3
13,22,3
13,23,8
13,24,6
13,25,6
13,26,7
13,27,8
13,28,6
13,29,7
13,30,5
13,31,1
13,32,3
13,33,2
13,34,8
13,35,6
13,36,4
13,37,8
13,38,9
13,39,6
13,40,4
13,41,3
13,42,9
13,43,1
14,0,3
14,1,6
14,2,6
14,3,1
14,4,6
14,5,7
14,6,8
14,7,4
14,8,8
14,9,7
14,10,2
14,11,2
14,12,8
14,13,1
14,14,2
14,15,8
14,16,8
14,17,3
14,18,3
14,19,1
14,20,7
14,21,2
14,22,1
14,23,3
14,24,8
14,25,1
14,26,4
14,27,6
14,28,2
14,29,9
14,30,7
14,31,8
14,32,4
14,33,5
14,34,9
14,35,3
14,36,2
14,37,8
14,38,8
14,39,5
14,40,7
14,41,8
14,42,2
14,43,5
14,44,3
14,45,4
14,46,1
14,47,6
14,48,8
14,49,1
14,50,8
14,51,8
14,52,9
15,0,3
15,1,6
15,2,4
15,3,2
15,4,8
15,5,1
15,6,3
15,7,3
15,8,8
15,9,5
15,10,8
15,11,7
15,12,7
15,13,1
15,14,4
15,15,6
15,16,1
15,17,5
15,18,9
15,19,9
15,20,7
15,21,8
15,22,4
15,23,5
15,24,5
15,25,3
15,26,8
15,27,6
15,28,1
15,29,6
15,30,8
15,31,5
15,32,6
15,33,4
15,34,3
15,35,6
15,36,1
15,37,6
15,38,5
15,39,2
15,40,8
15,41,7
15,42,2
15,43,2
15,44,4
15,45,9
15,46,3
15,47,6
15,48,5
15,49,5
15,50,3
15,51,5
15,52,3
15,53,7
15,54,4
15,55,1
15,56,5
15,57,7
15,58,9
15,59,3
15,60,3
15,61,9
15,62,7
15,63,6
15,64,5
15,65,2
15,66,1
15,67,8
15,68,9
15,69,6
15,70,8
15,71,2
15,72,6
15,73,5
15,74,4
15,75,9
15,76,9
15,77,6
15,78,7
15,79,6
15,80,7
15,81,7
15,82,2
15,83,9
15,84,3
15,85,4
15,86,3
15,87,7
15,88,5
15,89,5
15,90,6
15,91,7
15,92,1
15,93,8
15,94,4
15,95,9
15,96,2
15,97,8
15,98,4
15,99,6
16,0,3
16,1,2
16,2,5
16,3,2
16,4,1
16,5,1
16,6,6
16,7,6
16,8,3
16,9,3
16,10,7
16,11,6
16,12,7
16,13,2
16,14,5
16,15,3
16,16,3
16,17,4
16,18,3
16,19,3
16,20,7
16,21,2
16,22,6
16,23,3
16,24,6
16,25,7
16,26,1
16,27,2
16,28,8
16,29,9
16,30,9
16,31,9
16,32,2
16,33,6
16,34,5
16,35,6
16,36,7
16,37,5
16,38,6
16,39,2
16,40,3
16,41,8
16,42,4
16,43,1
16,44,6
16,45,3
16,46,2
16,47,8
16,48,3
16,49,9
16,50,6
16,51,7
16,52,5
16,53,2
16,54,7
16,55,6
16,56,8
16,57,6
16,58,3
16,59,6
16,60,4
16,61,4
16,62,8
16,63,8
16,64,5
16,65,1
16,66,7
16,67,8
16,68,9
16,69,2
16,70,6
16,71,1
16,72,5
16,73,4
16,74,6
16,75,2
16,76,2
16,77,2
16,78,9
16,79,5
16,80,7
16,81,1
16,82,3
16,83,6
16,84,2
16,85,3
16,86,4
16,87,2
16,88,5
16,89,7
16,90,8
16,91,2
16,92,3
16,93,2
16,94,5
16,95,4
16,96,4
16,97,5
16,98,4
16,99,1
16,100,6
16,101,6
16,102,3
16,103,3
16,104,4
16,105,6
16,106,2
16,107,5
16,108,3
16,109,2
16,110,5
16,111,9
16,112,5
16,113,8
16,114,7
16,115,6
16,116,8
16,117,5
16,118,7
16,119,1
16,120,5
16,121,9
16,122,1
16,123,4
16,124,5
16,125,6
16,126,3
16,127,3
16,128,8
17,0,3
17,1,3
17,2,4
17,3,4
17,4,6
17,5,3
17,6,2
17,7,8
17,8,7
17,9,7
17,10,8
17,11,5
17,12,2
17,13,9
17,14,6
17,15,7
17,16,9
17,17,1
17,18,9
17,19,8
17,20,7
17,21,1
17,22,4
17,23,8
17,24,5
17,25,7
17,26,7
17,27,4
17,28,7
17,29,9
17,30,8
17,31,7
17,32,5
17,33,4
17,34,3
17,35,3
17,36,3
17,37,7
17,38,8
17,39,1
17,40,3
17,41,2
17,42,3
17,43,9
17,44,8
17,45,5
17,46,8
17,47,4
17,48,7
17,49,6
17,50,4
17,51,8
17,52,8
17,53,8
17,54,8
17,55,9
17,56,8
17,57,9
17,58,7
17,59,6
17,60,3
17,61,5
17,62,3
17,63,4
17,64,8
17,65,1
17,66,2
17,67,2
17,68,2
17,69,1
17,70,7
17,71,9
17,72,6
17,73,3
17,74,5
17,75,9
17,76,7
17,77,5
17,78,8
17,79,2
17,80,1
17,81,2
17,82,7
17,83,2
17,84,6
17,85,8
17,86,8
17,87,7
17,88,5
17,89,8
17,90,4
17,91,4
17,92,8
17,93,7
17,94,7
17,95,7
17,96,4
17,97,6
17,98,7
17,99,1
17,100,4
17,101,3
17,102,9
17,103,8
17,104,1
17,105,1
17,106,2
17,107,5
17,108,7
17,109,6
17,110,7
17,111,8
18,0,3
18,1,9
18,2,4
18,3,4
18,4,4
18,5,6
18,6,9
18,7,4
18,8,8
18,9,3
18,10,7
18,11,3
18,12,8
18,13,3
18,14,7
18,15,5
18,16,2
18,17,2
18,18,9
18,19,9
18,20,8
18,21,9
18,22,5
18,23,9
18,24,8
18,25,1
18,26,5
18,27,3
18,28,7
18,29,4
18,30,7
18,31,6
18,32,7
18,33,4
18,34,8
18,35,2
18,36,2
18,37,9
18,38,6
18,39,2
18,40,9
18,41,1
18,42,4
18,43,5
18,44,3
18,45,4
18,46,3
18,47,2
18,48,1
18,49,2
18,50,5
18,51,9
18,52,5
18,53,6
18,54,8
18,55,5
18,56,5
18,57,8
18,58,9
18,59,9
18,60,5
18,61,8
18,62,1
18,63,5
18,64,8
18,65,9
18,66,5
18,67,6
18,68,6
18,69,8
18,70,1
18,71,1
18,72,1
18,73,9
18,74,7
18,75,6
18,76,6
18,77,4
18,78,8
18,79,7
18,80,8
18,81,9
18,82,4
18,83,9
18,84,4
18,85,6
18,86,6
18,87,7
18,88,2
18,89,7
18,90,5
18,91,8
18,92,7
18,93,4
18,94,3
18,95,6
18,96,5
18,97,6
18,98,4
18,99,5
18,100,9
18,101,8
18,102,7
18,103,3
18,104,6
18,105,7
18,106,6
18,107,8
18,108,9
18,109,2
18,110,1
19,0,3
19,1,6
19,2,3
19,3,1
19,4,5
19,5,4
19,6,8
19,7,8
19,8,4
19,9,4
19,10,6
19,11,9
19,12,6
19,13,8
19,14,9
19,15,8
19,16,1
19,17,3
19,18,7
19,19,2
19,20,8
19,21,9
19,22,5
19,23,6
19,24,3
19,25,8
19,26,5
19,27,7
19,28,4
19,29,5
19,30,5
19,31,1
19,32,8
19,33,2
19,34,9
19,35,2
19,36,6
19,37,3
19,38,5
19,39,3
19,40,8
19,41,1
19,42,3
19,43,2
19,44,7
19,45,8
19,46,7
19,47,2
19,48,6
19,49,1
19,50,4
19,51,5
19,52,8
19,53,8
19,54,6
19,55,3
19,56,8
19,57,5
19,58,1
19,59,8
19,60,4
19,61,6
19,62,6
19,63,6
19,64,3
19,65,1
19,66,8
19,67,2
19,68,7
19,69,1
19,70,7
19,71,9
19,72,8
19,73,4
19,74,6
19,75,5
19,76,3
19,77,7
19,78,8
19,79,8
19,80,1
19,81,4
19,82,3
19,83,9
19,84,1
19,85,5
19,86,1
19,87,5
19,88,1
19,89,5
19,90,2
19,91,9
19,92,3
19,93,6
19,94,2
19,95,8
19,96,9
19,97,5
19,98,8
20,0,3
20,1,5
20,2,1
20,3,2
20,4,7
20,5,5
20,6,7
20,7,2
20,8,9
20,9,3
20,10,2
20,11,9
20,12,6
20,13,5
20,14,6
20,15,8
20,16,3
20,17,9
20,18,4
20,19,8
20,20,2
20,21,7
20,22,6
20,23,9
20,24,7
20,25,7
20,26,9
20,27,8
20,28,6
20,29,6
20,30,9
20,31,3
20,32,9
20,33,1
20,34,8
20,35,6
20,36,2
20,37,8
20,38,9
20,39,8
20,40,7
20,41,3
20,42,7
20,43,8
20,44,1
20,45,8
20,46,6
20,47,1
20,48,9
20,49,7
20,50,8
20,51,3
20,52,9
20,53,7
20,54,7
20,55,1
20,56,9
20,57,1
20,58,8
20,59,6
20,60,9
20,61,4
20,62,5
20,63,3
20,64,7
20,65,5
20,66,8
20,67,3
20,68,3
20,69,5
20,70,5
20,71,3
20,72,5
20,73,2
20,74,8
20,75,2
20,76,5
20,77,3
20,78,8
20,79,2
20,80,7
20,81,8
20,82,2
20,83,8
20,84,8
20,85,8
20,86,5
20,87,8
20,88,3
20,89,9
20,90,5
20,91,5
20,92,2
20,93,2
20,94,5
20,95,8
20,96,1
20,97,7
20,98,6
20,99,3
20,100,4
20,101,3
20,102,3
20,103,4
20,104,8
20,105,1
20,106,6
20,107,9
20,108,3
20,109,6
20,110,8
20,111,3
20,112,1
20,113,8
20,114,1
20,115,1
20,116,1
20,117,3
20,118,3
20,119,1
20,120,2
20,121,1
20,122,9
20,123,5
20,124,2
20,125,8
20,126,6
20,127,1
20,128,7
20,129,7
20,130,8
20,131,7
20,132,5
20,133,9
20,134,4
20,135,9
21,0,3
21,1,9
21,2,8
21,3,3
21,4,8
21,5,8
21,6,4
21,7,1
21,8,2
21,9,8
21,10,4
21,11,5
21,12,2
21,13,3
21,14,5
21,15,5
21,16,4
21,17,5
21,18,8
21,19,5
21,20,2
21,21,7
21,22,5
21,23,2
21,24,1
21,25,5
21,26,7
21,27,2
21,28,8
21,29,9
21,30,9
21,31,3
21,32,2
21,33,6
21,34,8
21,35,8
21,36,4
21,37,1
21,38,5
21,39,1
21,40,6
21,41,8
21,42,4
21,43,2
21,44,1
21,45,6
21,46,8
21,47,3
21,48,9
21,49,8
21,50,6
21,51,4
21,52,8
21,53,7
21,54,3
21,55,8
21,56,4
21,57,4
21,58,4
21,59,5
21,60,9
21,61,9
21,62,6
21,63,9
21,64,4
21,65,6
21,66,3
21,67,9
21,68,2
21,69,1
21,70,7
21,71,9
21,72,8
21,73,4
21,74,6
21,75,7
21,76,1
21,77,2
21,78,2
21,79,9
21,80,1
21,81,3
21,82,9
21,83,2
21,84,2
21,85,1
21,86,6
21,87,5
21,88,4
21,89,3
21,90,6
21,91,7
21,92,9
21,93,8
21,94,5
21,95,7
21,96,8
21,97,9
21,98,8
21,99,2
21,100,9
21,101,6
21,102,7
21,103,9
21,104,2
21,105,1
21,106,1
21,107,9
21,108,4
21,109,5
21,110,6
21,111,1
21,112,4
22,0,3
22,1,1
22,2,3
22,3,4
22,4,1
22,5,5
22,6,5
22,7,4
22,8,9
22,9,6
22,10,5
22,11,5
22,12,9
22,13,6
22,14,1
22,15,1
22,16,1
22,17,4
22,18,1
22,19,1
22,20,5
22,21,7
22,22,3
22,23,6
22,24,9
22,25,6
22,26,4
22,27,1
22,28,1
22,29,5
22,30,2
22,31,3
22,32,5
22,33,4
22,34,8
22,35,1
22,36,4
22,37,9
22,38,5
22,39,2
22,40,1
22,41,4
22,42,4
22,43,5
22,44,5
22,45,9
22,46,2
22,47,8
22,48,7
22,49,3
22,50,1
22,51,2
22,52,1
22,53,7
22,54,2
22,55,5
22,56,9
22,57,1
22,58,8
22,59,8
22,60,3
22,61,5
22,62,9
22,63,1
22,64,9
22,65,7
22,66,2
22,67,4
22,68,7
22,69,2
22,70,8
22,71,4
22,72,1
22,73,2
22,74,4
22,75,8
22,76,2
22,77,8
22,78,7
23,0,3
23,1,8
23,2,8
23,3,9
23,4,1
23,5,1
23,6,4
23,7,6
23,8,4
23,9,5
23,10,6
23,11,7
23,12,3
23,13,5
23,14,9
23,15,6
23,16,4
23,17,9
23,18,8
23,19,3
23,20,8
23,21,3
23,22,6
23,23,8
23,24,4
23,25,7
23,26,7
23,27,9
23,28,1
23,29,5
23,30,6
23,31,7
23,32,4
23,33,3
23,34,8
23,35,5
23,36,9
23,37,9
23,38,4
23,39,7
23,40,1
23,41,6
23,42,4
23,43,1
23,44,5
23,45,3
23,46,8
23,47,4
23,48,1
23,49,3
23,50,1
23,51,4
23,52,7
23,53,3
23,54,1
23,55,6
23,56,3
23,57,5
23,58,2
23,59,7
23,60,2
23,61,5
23,62,5
23,63,2
23,64,3
23,65,3
23,66,1
23,67,9
23,68,8
23,69,4
23,70,6
23,71,3
23,72,5
23,73,3
23,74,7
23,75,3
23,76,3
23,77,7
23,78,5
23,79,5
23,80,4
23,81,1
23,82,8
23,83,3
23,84,3
23,85,1
23,86,5
23,87,4
23,88,8
23,89,8
23,90,7
23,91,1
23,92,6
23,93,7
23,94,9
23,95,2
23,96,7
23,97,3
23,98,8
23,99,1
23,100,8
23,101,4
23,102,1
23,103,3
23,104,2
23,105,4
23,106,5
23,107,9
23,108,3
23,109,5
23,110,6
23,111,3
23,112,4
23,113,8
23,114,9
23,115,6
23,116,7
23,117,6
23,118,7
24,0,3
24,1,9
24,2,4
24,3,5
24,4,5
24,5,9
24,6,9
24,7,3
24,8,2
24,9,8
24,10,4
24,11,6
24,12,6
24,13,7
24,14,9
24,15,5
24,16,1
24,17,2
24,18,4
24,19,9
24,20,8
24,21,5
24,22,2
24,23,1
24,24,7
24,25,7
24,26,3
24,27,1
24,28,3
24,29,2
24,30,7
24,31,3
24,32,7
24,33,5
24,34,2
24,35,2
24,36,5
24,37,8
24,38,3
24,39,9
24,40,9
24,41,9
24,42,8
24,43,8
24,44,5
24,45,6
24,46,8
24,47,4
24,48,4
24,49,7
24,50,8
24,51,4
24,52,8
24,53,7
24,54,7
24,55,8
24,56,5
24,57,4
24,58,7
24,59,1
24,60,6
24,61,3
24,62,5
24,63,8
24,64,9
25,0,3
25,1,4
25,2,5
25,3,1
25,4,4
25,5,6
25,6,2
25,7,3
25,8,5
25,9,7
25,10,1
25,11,4
25,12,8
25,13,8
25,14,3
25,15,7
25,16,7
25,17,8
25,18,9
25,19,9
25,20,1
25,21,1
25,22,4
25,23,4
25,24,2
25,25,2
25,26,3
25,27,8
25,28,7
25,29,7
25,30,1
25,31,4
25,32,2
25,33,6
25,34,4
25,35,1
25,36,8
25,37,5
25,38,9
25,39,6
25,40,9
25,41,4
25,42,2
25,43,6
25,44,3
25,45,9
25,46,2
25,47,5
25,48,4
25,49,3
25,50,1
25,51,5
25,52,4
25,53,2
25,54,5
25,55,7
25,56,7
25,57,1
25,58,9
25,59,9
25,60,1
25,61,5
25,62,2
25,63,2
25,64,5
25,65,6
25,66,5
25,67,7
25,68,8
25,69,4
25,70,8
25,71,8
25,72,2
25,73,6
25,74,3
25,75,3
25,76,3
25,77,1
26,0,3
26,1,1
26,2,8
26,3,7
26,4,8
26,5,2
26,6,7
26,7,5
26,8,2
26,9,5
26,10,3
26,11,7
26,12,7
26,13,5
26,14,3
26,15,1
26,16,7
26,17,4
26,18,4
26,19,5
26,20,5
26,21,4
26,22,3
26,23,1
26,24,2
26,25,8
26,26,1
26,27,5
26,28,1
26,29,1
26,30,5
26,31,4
26,32,1
26,33,1
26,34,5
26,35,7
26,36,3
26,37,8
26,38,5
26,39,3
26,40,9
26,41,1
26,42,7
26,43,3
26,44,2
26,45,3
26,46,4
26,47,8
26,48,1
26,49,3
26,50,3
26,51,5
26,52,5
26,53,6
26,54,4
26,55,2
26,56,6
26,57,1
26,58,6
26,59,6
26,60,8
26,61,8
26,62,2
26,63,9
26,64,4
26,65,1
26,66,2
26,67,2
26,68,5
26,69,4
26,70,8
26,71,1
26,72,1
26,73,2
26,74,9
26,75,2
26,76,9
26,77,6
26,78,9
26,79,4
26,80,7
26,81,5
26,82,9
26,83,7
26,84,8
26,85,4
26,86,3
26,87,7
26,88,9
26,89,9
26,90,3
26,91,7
26,92,6
26,93,9
26,94,4
26,95,9
26,96,5
26,97,6
26,98,9
26,99,8
26,100,2
26,101,6
26,102,8
26,103,2
26,104,5
26,105,7
26,106,1
26,107,8
26,108,5
26,109,9
26,110,5
26,111,1
26,112,7
26,113,8
26,114,5
26,115,9
26,116,4
26,117,4
26,118,8
26,119,8
26,120,2
26,121,2
26,122,5
26,123,7
26,124,6
26,125,8
26,126,5
26,127,9
26,128,2
26,129,3
26,130,1
26,131,5
26,132,1
26,133,9
26,134,8
26,135,8
26,136,9
26,137,9
26,138,3
26,139,3
26,140,5
26,141,5
26,142,3
26,143,8
26,144,5
26,145,9
26,146,7
26,147,2
26,148,1
26,149,6
26,150,5
26,151,3
26,152,5
26,153,9
26,154,8
26,155,7
26,156,3
26,157,4
26,158,9
26,159,5
26,160,6
26,161,9
26,162,8
26,163,5
26,164,9
26,165,4
26,166,6
26,167,8
26,168,5
26,169,6
26,170,6
26,171,9
26,172,7
26,173,6
26,174,2
26,175,5
26,176,6
26,177,9
26,178,8
26,179,5
26,180,9
26,181,4
26,182,6
26,183,8
26,184,8
26,185,9
26,186,1
26,187,9
26,188,7
26,189,6
26,190,2
26,191,5
26,192,6
26,193,3
26,194,4
26,195,5
26,196,6
26,197,5
26,198,4
26,199,2
26,200,8
26,201,8
26,202,6
26,203,2
26,204,6
26,205,7
26,206,9
26,207,9
26,208,7
26,209,9
26,210,2
26,211,2
26,212,8
26,213,6
26,214,2
26,215,9
26,216,2
26,217,5
26,218,2
26,219,6
26,220,9
26,221,5
26,222,4
26,223,4
26,224,7
26,225,4
26,226,1
26,227,9
27,0,3
27,1,6
27,2,4
27,3,9
27,4,9
27,5,2
27,6,8
27,7,1
27,8,9
27,9,4
27,10,7
27,11,6
27,12,6
27,13,3
27,14,5
27,15,5
27,16,6
27,17,8
27,18,9
27,19,6
27,20,2
27,21,7
27,22,4
27,23,3
27,24,3
27,25,1
27,26,5
27,27,8
27,28,6
27,29,4
27,30,6
27,31,2
27,32,6
27,33,9
27,34,2
27,35,5
27,36,8
27,37,5
27,38,4
27,39,6
27,40,4
27,41,3
27,42,4
27,43,5
27,44,4
27,45,6
27,46,7
27,47,8
27,48,7
27,49,3
27,50,3
27,51,2
27,52,9
27,53,3
27,54,1
27,55,2
27,56,6
27,57,7
27,58,6
27,59,4
27,60,9
27,61,1
27,62,6
27,63,6
27,64,2
27,65,2
27,66,4
27,67,1
27,68,3
27,69,7
27,70,6
27,71,5
27,72,2
27,73,3
27,74,3
27,75,2
27,76,1
27,77,7
27,78,6
27,79,4
27,80,7
27,81,2
27,82,4
27,83,2
27,84,2
27,85,6
27,86,7
27,87,5
27,88,2
27,89,6
27,90,2
27,91,2
27,92,8
27,93,7
28,0,3
28,1,1
28,2,8
28,3,5
28,4,3
28,5,6
28,6,7
28,7,2
28,8,3
28,9,3
28,10,9
28,11,3
28,12,2
28,13,9
28,14,7
28,15,6
28,16,7
28,17,4
28,18,6
28,19,1
28,20,6
28,21,9
28,22,7
28,23,8
28,24,7
28,25,5
28,26,1
28,27,7
28,28,7
28,29,4
28,30,5
28,31,6
28,32,3
28,33,8
28,34,7
28,35,7
28,36,7
28,37,9
28,38,6
28,39,7
28,40,5
28,41,4
28,42,5
28,43,2
28,44,3
28,45,9
28,46,3
28,47,2
28,48,3
28,49,3
28,50,9
28,51,5
28,52,8
28,53,3
28,54,7
28,55,8
28,56,5
28,57,2
28,58,5
28,59,3
28,60,4
28,61,8
28,62,4
28,63,4
28,64,6
28,65,1
28,66,8
28,67,9
28,68,3
28,69,3
28,70,9
28,71,4
28,72,8
28,73,8
28,74,4
28,75,6
28,76,4
28,77,1
28,78,3
28,79,9
28,80,9
28,81,6
28,82,2
28,83,3
28,84,8
28,85,3
28,86,4
28,87,2
28,88,2
29,0,3
29,1,8
29,2,2
29,3,7
29,4,4
29,5,1
29,6,9
29,7,6
29,8,6
29,9,9
29,10,5
29,11,6
29,12,3
29,13,5
29,14,4
29,15,3
29,16,5
29,17,8
29,18,1
29,19,3
29,20,3
29,21,6
29,22,8
29,23,3
29,24,5
29,25,4
29,26,9
29,27,2
29,28,6
29,29,5
29,30,9
29,31,8
29,32,6
29,33,5
29,34,2
29,35,7
29,36,3
29,37,3
29,38,6
29,39,5
29,40,5
29,41,7
29,42,4
29,43,3
29,44,9
29,45,9
29,46,9
29,47,3
29,48,1
29,49,7
29,50,2
29,51,3
29,52,2
29,53,4
29,54,8
29,55,9
29,56,2
29,57,4
29,58,8
29,59,4
29,60,5
29,61,1
29,62,4
29,63,5
29,64,5
29,65,4
29,66,5
29,67,5
29,68,9
29,69,7
30,0,3
30,1,8
30,2,8
30,3,3
30,4,9
30,5,7
30,6,4
30,7,9
30,8,8
30,9,8
30,10,2
30,11,8
30,12,4
30,13,5
30,14,1
30,15,3
30,16,9
30,17,9
30,18,6
30,19,4
30,20,8
30,21,8
30,22,3
30,23,8
30,24,5
30,25,3
30,26,6
30,27,4
30,28,8
30,29,2
30,30,1
30,31,3
30,32,9
30,33,9
30,34,6
30,35,9
30,36,1
30,37,6
30,38,1
30,39,4
30,40,7
30,41,6
30,42,6
30,43,9
30,44,7
30,45,7
30,46,2
30,47,6
30,48,5
30,49,2
30,50,4
30,51,2
30,52,6
30,53,1
30,54,9
30,55,9
30,56,8
30,57,8
30,58,6
30,59,7
30,60,9
31,0,3
31,1,8
31,2,2
31,3,6
31,4,9
31,5,5
31,6,3
31,7,3
31,8,7
31,9,1
31,10,9
31,11,2
31,12,6
31,13,4
31,14,8
31,15,8
31,16,5
31,17,8
31,18,2
31,19,5
31,20,5
31,21,8
31,22,4
31,23,2
31,24,8
31,25,8
31,26,7
31,27,4
31,28,6
31,29,5
31,30,7
31,31,3
31,32,5
31,33,1
31,34,4
32,0,3
32,1,8
32,2,4
32,3,8
32,4,4
32,5,6
32,6,8
32,7,9
32,8,7
32,9,9
32,10,2
32,11,4
32,12,4
32,13,5
32,14,1
32,15,7
32,16,1
32,17,1
32,18,9
32,19,2
32,20,1
32,21,4
32,22,6
32,23,4
32,24,5
32,25,1
32,26,9
32,27,6
32,28,8
32,29,6
32,30,7
33,0,3
33,1,6
33,2,2
33,3,7
33,4,8
33,5,9
33,6,6
33,7,2
33,8,1
33,9,4
33,10,4
33,11,6
33,12,4
33,13,5
33,14,9
33,15,2
33,16,2
33,17,4
33,18,7
33,19,1
33,20,4
33,21,4
33,22,9
33,23,1
33,24,6
33,25,5
33,26,8
33,27,8
33,28,8
33,29,8
33,30,1
33,31,3
33,32,7
33,33,4
33,34,1
33,35,1
33,36,4
33,37,2
33,38,1
33,39,9
33,40,5
33,41,7
33,42,1
33,43,5
33,44,2
33,45,4
33,46,8
33,47,6
33,48,4
33,49,8
33,50,3
33,51,4
33,52,7
33,53,8
33,54,1
33,55,9
33,56,7
33,57,3
33,58,7
33,59,2
33,60,2
33,61,3
33,62,1
33,63,8
33,64,4
33,65,6
33,66,6
33,67,4
33,68,2
33,69,5
33,70,1
33,71,7
33,72,9
33,73,4
34,0,3
34,1,2
34,2,3
34,3,9
34,4,3
34,5,2
34,6,2
34,7,5
34,8,6
34,9,7
34,10,9
34,11,1
34,12,7
34,13,1
34,14,1
34,15,9
34,16,7
34,17,5
34,18,8
34,19,9
34,20,1
34,21,4
34,22,2
34,23,8
34,24,9
34,25,1
34,26,1
34,27,8
34,28,1
34,29,5
34,30,5
34,31,6
34,32,8
34,33,2
34,34,4
34,35,6
34,36,7
34,37,8
34,38,2
34,39,9
34,40,4
34,41,8
34,42,5
34,43,3
34,44,9
34,45,1
34,46,3
34,47,2
34,48,4
34,49,3
34,50,8
34,51,8
34,52,1
34,53,5
34,54,6
35,0,3
35,1,7
35,2,7
35,3,9
35,4,9
35,5,7
35,6,1
35,7,7
35,8,5
35,9,7
35,10,8
35,11,4
35,12,6
35,13,8
35,14,6
35,15,9
35,16,5
35,17,7
35,18,1
35,19,7
35,20,8
35,21,4
35,22,5
35,23,9
35,24,4
35,25,7
35,26,1
35,27,9
35,28,2
35,29,3
35,30,7
35,31,8
35,32,7
35,33,7
35,34,9
35,35,5
35,36,4
35,37,5
35,38,5
35,39,3
35,40,3
35,41,7
35,42,7
35,43,9
35,44,8
35,45,2
36,0,3
36,1,7
36,2,1
36,3,9
36,4,7
36,5,2
36,6,7
36,7,4
36,8,8
36,9,7
36,10,7
36,11,7
36,12,1
36,13,9
36,14,9
36,15,5
36,16,3
36,17,6
36,18,5
36,19,9
36,20,6
36,21,2
36,22,5
36,23,6
36,24,1
36,25,6
36,26,7
36,27,2
36,28,6
36,29,3
36,30,7
36,31,5
36,32,6
36,33,6
36,34,9
36,35,7
36,36,7
36,37,7
36,38,5
36,39,6
36,40,7
36,41,4
36,42,2
36,43,8
36,44,3
36,45,9
36,46,2
36,47,1
36,48,5
36,49,3
36,50,6
36,51,8
36,52,4
36,53,3
36,54,8
36,55,2
36,56,3
36,57,3
36,58,8
36,59,9
36,60,7
36,61,2
36,62,1
36,63,9
36,64,8
36,65,2
36,66,1
36,67,2
36,68,3
36,69,5
36,70,1
36,71,3
36,72,9
36,73,9
36,74,3
36,75,5
36,76,8
36,77,9
36,78,2
36,79,1
36,80,3
36,81,4
36,82,1
36,83,9
37,0,3
37,1,6
37,2,7
37,3,2
37,4,7
37,5,6
37,6,7
37,7,4
37,8,8
37,9,2
37,10,7
37,11,6
37,12,8
37,13,6
37,14,3
37,15,7
37,16,5
37,17,5
37,18,1
37,19,1
37,20,2
37,21,9
37,22,1
37,23,7
37,24,4
37,25,5
37,26,4
37,27,4
37,28,2
37,29,4
37,30,1
37,31,4
37,32,4
37,33,8
37,34,6
37,35,6
37,36,3
37,37,7
37,38,2
37,39,9
37,40,9
37,41,5
37,42,6
37,43,7
37,44,6
37,45,4
37,46,2
37,47,8
37,48,4
37,49,6
37,50,6
37,51,3
37,52,6
37,53,4
37,54,7
37,55,5
37,56,2
37,57,9
37,58,4
37,59,2
37,60,2
37,61,3
37,62,5
37,63,1
37,64,9
37,65,5
37,66,9
37,67,4
37,68,5
37,69,2
37,70,8
37,71,7
37,72,2
37,73,6
37,74,9
37,75,3
37,76,9
37,77,4
37,78,9
37,79,6
37,80,7
37,81,9
37,82,2
37,83,6
37,84,8
37,85,7
37,86,2
37,87,1
37,88,3
37,89,5
37,90,9
37,91,5
37,92,3
37,93,8
37,94,5
37,95,8
37,96,2
37,97,4
37,98,3
37,99,2
37,100,1
37,101,8
37,102,2
37,103,3
37,104,7
37,105,2
37,106,6
37,107,7
37,108,9
37,109,5
37,110,9
37,111,9
37,112,2
37,113,4
37,114,1
37,115,3
37,116,5
37,117,3
37,118,9
37,119,5
37,120,4
37,121,7
37,122,5
37,123,7
37,124,3
37,125,3
37,126,8
37,127,8
37,128,9
37,129,9
37,130,7
37,131,7
37,132,9
37,133,5
37,134,6
37,135,9
37,136,7
37,137,1
37,138,4
37,139,4
37,140,1
37,141,2
37,142,5
37,143,7
37,144,4
37,145,7
37,146,6
37,147,6
37,148,9
37,149,7
37,150,2
37,151,2
37,152,9
37,153,9
37,154,9
37,155,3
37,156,5
37,157,7
37,158,2
37,159,3
37,160,9
37,161,5
37,162,7
37,163,4
37,164,5
37,165,4
37,166,6
37,167,7
37,168,6
37,169,6
37,170,7
37,171,4
37,172,5
37,173,1
37,174,6
37,175,1
37,176,6
37,177,9
37,178,4
37,179,1
37,180,5
37,181,2
37,182,3
38,0,3
38,1,5
38,2,8
38,3,1
38,4,9
38,5,1
38,6,5
38,7,6
38,8,1
38,9,1
38,10,9
38,11,1
38,12,1
38,13,9
38,14,7
38,15,1
38,16,5
38,17,5
38,18,5
38,19,9
38,20,3
38,21,8
38,22,6
38,23,1
38,24,1
38,25,5
38,26,8
38,27,5
38,28,8
38,29,3
38,30,6
38,31,4
38,32,3
38,33,1
38,34,3
38,35,6
38,36,4
38,37,4
38,38,2
38,39,3
38,40,5
38,41,9
38,42,7
38,43,5
38,44,5
38,45,3
38,46,8
38,47,2
38,48,5
38,49,4
38,50,4
38,51,3
38,52,1
38,53,4
38,54,6
38,55,8
38,56,1
38,57,1
38,58,9
38,59,2
38,60,3
38,61,5
38,62,1
38,63,8
38,64,3
38,65,5
38,66,5
38,67,8
38,68,9
38,69,5
38,70,5
38,71,9
38,72,6
38,73,8
38,74,9
38,75,1
38,76,4
38,77,3
38,78,3
38,79,1
38,80,6
38,81,5
38,82,1
38,83,8
38,84,2
38,85,1
38,86,7
38,87,6
38,88,9
39,0,3
39,1,9
39,2,8
39,3,3
39,4,8
39,5,3
39,6,6
39,7,7
39,8,6
39,9,7
39,10,9
39,11,9
39,12,5
39,13,9
39,14,9
39,15,8
39,16,5
39,17,5
39,18,6
39,19,8
39,20,6
39,21,5
39,22,5
39,23,5
39,24,5
39,25,3
39,26,9
39,27,6
39,28,8
39,29,9
39,30,4
39,31,3
39,32,7
39,33,8
39,34,3
39,35,6
39,36,8
39,37,9
39,38,3
39,39,7
39,40,2
39,41,5
39,42,5
39,43,5
39,44,6
39,45,2
39,46,4
39,47,1
39,48,5
39,49,4
39,50,6
39,51,8
39,52,9
39,53,6
39,54,9
39,55,8
39,56,3
39,57,7
39,58,1
39,59,1
39,60,4
39,61,5
39,62,2
39,63,3
39,64,2
39,65,5
39,66,7
39,67,8
39,68,1
39,69,4
39,70,6
39,71,1
39,72,3
39,73,1
39,74,5
39,75,5
40,0,3
40,1,3
40,2,9
40,3,4
40,4,3
40,5,1
40,6,3
40,7,7
40,8,2
40,9,6
40,10,1
40,11,4
40,12,8
40,13,8
40,14,6
40,15,1
40,16,7
40,17,3
40,18,5
40,19,6
40,20,4
40,21,6
40,22,8
40,23,6
40,24,8
40,25,9
40,26,5
40,27,8
40,28,8
40,29,8
40,30,5
40,31,7
40,32,7
40,33,2
40,34,7
40,35,3
40,36,9
40,37,7
40,38,4
40,39,6
40,40,9
40,41,3
40,42,9
40,43,5
40,44,9
40,45,5
40,46,7
40,47,7
40,48,1
40,49,9
40,50,1
40,51,5
40,52,8
40,53,1
40,54,1
40,55,5
40,56,6
40,57,3
40,58,2
40,59,5
40,60,3
40,61,5
40,62,2
40,63,5
40,64,5
40,65,5
40,66,1
40,67,2
40,68,8
40,69,7
40,70,6
40,71,3
40,72,2
40,73,3
40,74,9
40,75,9
40,76,7
40,77,5
40,78,6
40,79,1
40,80,3
40,81,7
40,82,4
40,83,3
40,84,1
40,85,5
41,0,3
41,1,3
41,2,8
41,3,7
41,4,9
41,5,5
41,6,8
41,7,4
41,8,7
41,9,4
41,10,8
41,11,8
41,12,7
41,13,7
41,14,7
41,15,7
41,16,4
41,17,4
41,18,2
41,19,6
41,20,4
41,21,9
41,22,2
41,23,6
41,24,4
41,25,2
41,26,8
41,27,5
41,28,8
41,29,3
41,30,4
41,31,5
41,32,3
41,33,9
41,34,9
41,35,9
41,36,8
41,37,9
41,38,1
41,39,1
41,40,5
41,41,6
41,42,3
41,43,3
41,44,8
41,45,7
41,46,5
41,47,5
41,48,9
41,49,8
41,50,2
41,51,4
41,52,7
41,53,8
41,54,1
42,0,3
42,1,3
42,2,5
42,3,4
42,4,5
42,5,9
42,6,5
42,7,6
42,8,6
42,9,3
42,10,8
42,11,5
42,12,9
42,13,4
42,14,1
42,15,8
42,16,3
42,17,5
42,18,6
42,19,9
42,20,8
42,21,9
42,22,1
42,23,3
42,24,2
42,25,5
42,26,6
42,27,1
42,28,8
42,29,7
42,30,7
42,31,9
42,32,8
42,33,7
42,34,5
42,35,4
42,36,3
42,37,6
42,38,5
42,39,4
42,40,8
42,41,5
42,42,7
42,43,5
42,44,2
42,45,2
42,46,3
42,47,4
42,48,9
42,49,1
42,50,9
42,51,9
42,52,9
42,53,3
43,0,3
43,1,3
43,2,8
43,3,8
43,4,6
43,5,9
43,6,4
43,7,7
43,8,9
43,9,8
43,10,3
43,11,6
43,12,7
43,13,7
43,14,3
43,15,9
43,16,6
43,17,6
43,18,4
43,19,7
43,20,2
43,21,8
43,22,7
43,23,1
43,24,1
43,25,5
43,26,7
43,27,2
43,28,9
43,29,2
43,30,9
43,31,3
43,32,3
43,33,9
43,34,7
43,35,1
43,36,7
43,37,1
43,38,1
43,39,3
43,40,9
43,41,5
43,42,1
43,43,2
43,44,1
43,45,2
43,46,1
43,47,8
43,48,1
43,49,6
43,50,2
43,51,2
43,52,9
43,53,1
43,54,6
43,55,4
43,56,3
43,57,2
43,58,4
43,59,8
43,60,4
43,61,2
43,62,8
43,63,5
43,64,2
43,65,5
43,66,7
43,67,5
43,68,5
43,69,1
43,70,9
43,71,8
43,72,8
43,73,4
43,74,7
43,75,5
43,76,1
43,77,3
43,78,8
43,79,4
43,80,8
43,81,6
43,82,8
43,83,5
43,84,4
43,85,3
43,86,9
43,87,8
43,88,2
43,89,7
44,0,3
44,1,3
44,2,8
44,3,9
44,4,9
44,5,3
44,6,6
44,7,6
44,8,7
44,9,7
44,10,4
44,11,7
44,12,8
44,13,8
44,14,6
44,15,3
44,16,9
44,17,6
44,18,3
44,19,8
44,20,3
44,21,3
44,22,8
44,23,1
44,24,1
44,25,5
44,26,8
44,27,6
44,28,9
44,29,4
44,30,2
44,31,9
44,32,4
44,33,2
44,34,5
44,35,8
44,36,2
44,37,8
44,38,5
44,39,8
44,40,1
44,41,8
44,42,8
44,43,4
44,44,9
44,45,5
44,46,1
44,47,7
44,48,4
44,49,2
44,50,8
44,51,1
44,52,2
44,53,6
44,54,1
44,55,8
44,56,3
44,57,9
44,58,8
44,59,3
45,0,3
45,1,3
45,2,9
45,3,6
45,4,6
45,5,3
45,6,1
45,7,5
45,8,4
45,9,3
45,10,5
45,11,1
45,12,3
45,13,5
45,14,8
45,15,9
45,16,6
45,17,5
45,18,5
45,19,4
45,20,7
45,21,3
45,22,8
45,23,5
45,24,2
45,25,1
45,26,7
45,27,5
45,28,9
45,29,1
45,30,1
45,31,7
45,32,5
45,33,9
45,34,2
45,35,3
45,36,6
45,37,1
46,0,3
46,1,3
46,2,9
46,3,1
46,4,3
46,5,2
46,6,1
46,7,2
46,8,5
46,9,7
46,10,9
46,11,3
46,12,8
46,13,4
46,14,1
46,15,4
46,16,9
46,17,8
46,18,2
46,19,2
46,20,3
46,21,2
46,22,8
46,23,3
46,24,4
46,25,6
46,26,5
46,27,1
46,28,3
46,29,5
46,30,2
46,31,7
46,32,5
46,33,6
46,34,1
46,35,6
47,0,3
47,1,9
47,2,5
47,3,7
47,4,3
47,5,5
47,6,8
47,7,2
47,8,6
47,9,5
47,10,5
47,11,9
47,12,7
47,13,8
47,14,1
47,15,1
47,16,1
47,17,8
47,18,6
47,19,8
47,20,6
47,21,4
47,22,1
47,23,5
47,24,7
47,25,6
47,26,8
47,27,3
47,28,2
47,29,1
47,30,8
47,31,9
47,32,3
47,33,9
47,34,2
47,35,6
47,36,9
47,37,2
47,38,3
48,0,3
48,1,9
48,2,7
48,3,5
48,4,2
48,5,2
48,6,5
48,7,3
48,8,9
48,9,2
48,10,6
48,11,7
48,12,5
48,13,9
48,14,3
48,15,9
48,16,8
48,17,1
48,18,9
48,19,6
48,20,1
48,21,5
48,22,8
48,23,4
48,24,4
48,25,6
48,26,1
48,27,8
48,28,9
48,29,3
49,0,3
49,1,5
49,2,9
49,3,7
49,4,8
49,5,4
49,6,2
49,7,3
49,8,7
49,9,5
49,10,1
49,11,4
49,12,3
49,13,7
49,14,7
49,15,4
49,16,1
49,17,4
49,18,8
50,0,3
50,1,8
50,2,8
50,3,5
50,4,1
50,5,4
50,6,1
50,7,3
50,8,9
50,9,5
50,10,4
50,11,2
50,12,7
50,13,5
50,14,9
50,15,2
50,16,4
50,17,6
50,18,4
50,19,4
50,20,1
50,21,3
50,22,5
50,23,4
50,24,5
50,25,6
50,26,6
50,27,9
50,28,2
50,29,4
50,30,7
50,31,3
50,32,4
50,33,2
50,34,7
50,35,4
50,36,7
50,37,5
50,38,4
50,39,1
50,40,4
50,41,5
50,42,8
50,43,7
50,44,8
50,45,9
51,0,3
51,1,6
51,2,7
51,3,7
51,4,4
51,5,7
51,6,8
51,7,5
51,8,5
51,9,3
51,10,5
51,11,6
51,12,1
51,13,9
51,14,7
51,15,9
51,16,2
51,17,4
51,18,9
51,19,9
51,20,1
51,21,1
51,22,9
51,23,2
51,24,8
51,25,7
51,26,3
51,27,9
51,28,1
51,29,1
51,30,7
51,31,7
51,32,9
51,33,9
51,34,6
51,35,9
51,36,4
51,37,3
51,38,8
51,39,6
51,40,2
51,41,6
51,42,2
51,43,4
51,44,9
51,45,3
51,46,7
51,47,1
51,48,9
51,49,9
51,50,9
51,51,6
51,52,3
51,53,1
51,54,3
51,55,4
51,56,2
51,57,8
51,58,9
51,59,6
51,60,9
52,0,3
52,1,9
52,2,6
52,3,5
52,4,8
52,5,2
52,6,2
52,7,2
52,8,6
52,9,2
52,10,6
52,11,1
52,12,7
52,13,4
52,14,6
52,15,8
52,16,7
52,17,7
52,18,3
52,19,7
52,20,1
52,21,6
52,22,2
52,23,7
52,24,4
52,25,4
52,26,7
52,27,8
52,28,7
52,29,1
52,30,8
52,31,1
52,32,5
52,33,4
52,34,4
52,35,8
52,36,3
52,37,2
52,38,4
52,39,3
52,40,6
52,41,3
52,42,3
52,43,8
52,44,9
52,45,1
52,46,5
52,47,2
52,48,3
52,49,3
53,0,3
53,1,7
53,2,7
53,3,1
53,4,8
53,5,7
53,6,4
53,7,4
53,8,3
53,9,3
53,10,5
53,11,6
53,12,2
53,13,5
53,14,1
53,15,5
53,16,9
53,17,8
53,18,2
53,19,4
53,20,2
53,21,1
53,22,5
53,23,9
53,24,3
53,25,2
53,26,6
53,27,1
53,28,6
53,29,4
53,30,7
53,31,4
53,32,3
53,33,7
53,34,2
53,35,4
53,36,7
53,37,4
53,38,9
53,39,7
53,40,1
53,41,8
53,42,1
53,43,5
53,44,1
53,45,9
53,46,4
53,47,5
53,48,5
53,49,4
53,50,2
53,51,7
53,52,8
53,53,9
53,54,2
53,55,3
53,56,7
53,57,7
53,58,1
53,59,8
53,60,5
53,61,1
53,62,4
54,0,3
54,1,9
54,2,4
54,3,1
54,4,9
54,5,7
54,6,1
54,7,1
54,8,4
54,9,7
54,10,9
54,11,9
54,12,1
54,13,2
54,14,4
54,15,4
54,16,2
54,17,5
54,18,2
54,19,4
54,20,9
54,21,2
54,22,5
54,23,9
54,24,2
54,25,5
54,26,1
54,27,6
54,28,1
54,29,3
54,30,2
54,31,6
54,32,5
54,33,1
54,34,8
54,35,7
54,36,9
54,37,6
54,38,5
54,39,4
54,40,5
54,41,5
54,42,5
54,43,4
54,44,3
54,45,8
54,46,1
54,47,2
54,48,5
54,49,2
54,50,7
54,51,6
54,52,6
54,53,8
54,54,2
54,55,8
55,0,3
55,1,5
55,2,8
55,3,5
55,4,5
55,5,4
55,6,6
55,7,4
55,8,3
55,9,4
55,10,2
55,11,6
55,12,7
55,13,4
55,14,8
55,15,2
55,16,4
55,17,8
55,18,4
55,19,2
55,20,5
55,21,4
55,22,3
55,23,4
55,24,7
55,25,4
55,26,9
55,27,6
55,28,4
55,29,9
55,30,4
55,31,3
55,32,4
55,33,9
55,34,4
55,35,8
55,36,4
55,37,5
55,38,4
55,39,5
55,40,4
55,41,5
55,42,4
55,43,1
55,44,4
55,45,4
55,46,7
55,47,4
55,48,3
55,49,4
55,50,9
55,51,4
55,52,3
55,53,4
55,54,2
55,55,4
55,56,7
55,57,4
55,58,6
55,59,4
55,60,3
55,61,4
55,62,4
55,63,4
55,64,1
55,65,4
55,66,5
55,67,4
55,68,5
55,69,4
55,70,8
55,71,4
55,72,5
55,73,4
55,74,1
55,75,4
55,76,4
55,77,4
55,78,7
56,0,3
56,1,5
56,2,8
56,3,4
56,4,3
56,5,4
56,6,1
56,7,4
56,8,9
56,9,3
56,10,2
56,11,1
56,12,7
56,13,5
56,14,5
56,15,9
56,16,1
56,17,1
56,18,6
56,19,6
56,20,6
56,21,3
56,22,8
56,23,7
56,24,6
56,25,4
56,26,5
56,27,2
56,28,4
56,29,8
56,30,4
56,31,5
56,32,4
56,33,3
56,34,5
56,35,8
56,36,1
56,37,5
56,38,3
56,39,5
56,40,9
56,41,2
56,42,7
56,43,5
56,44,5
56,45,9
56,46,3
56,47,3
56,48,5
56,49,9
56,50,8
56,51,5
56,52,9
56,53,6
56,54,1
56,55,3
56,56,8
56,57,9
56,58,5
56,59,4
56,60,2
56,61,7
56,62,7
56,63,2
56,64,7
56,65,1
56,66,5
56,67,4
56,68,2
56,69,1
56,70,5
56,71,2
56,72,3
56,73,9
56,74,5
56,75,4
56,76,9
56,77,4
56,78,4
56,79,6
56,80,4
56,81,8
56,82,7
56,83,3
56,84,1
56,85,4
56,86,3
56,87,3
56,88,2
56,89,1
56,90,8
56,91,9
56,92,1
56,93,4
56,94,7
56,95,9
56,96,5
57,0,3
57,1,6
57,2,2
57,3,6
57,4,5
57,5,3
57,6,6
57,7,4
57,8,6
57,9,6
57,10,4
57,11,7
57,12,8
57,13,4
57,14,5
57,15,3
57,16,8
57,17,6
57,18,8
57,19,9
57,20,5
57,21,5
57,22,2
57,23,9
57,24,7
57,25,7
57,26,6
57,27,8
57,28,1
57,29,5
58,0,3
58,1,9
58,2,4
58,3,5
58,4,4
58,5,4
58,6,8
58,7,3
58,8,1
58,9,8
58,10,9
58,11,6
58,12,3
58,13,5
58,14,2
58,15,1
58,16,3
58,17,4
58,18,8
58,19,1
58,20,5
58,21,9
58,22,3
59,0,3
59,1,2
59,2,9
59,3,3
59,4,5
59,5,3
59,6,6
59,7,3
59,8,9
59,9,8
59,10,2
59,11,8
59,12,1
59,13,6
59,14,9
59,15,6
59,16,1
59,17,8
59,18,4
59,19,6
59,20,5
59,21,9
59,22,5
59,23,7
59,24,9
60,0,3
60,1,8
60,2,4
60,3,4
60,4,2
60,5,7
60,6,6
60,7,8
60,8,4
60,9,1
60,10,3
60,11,2
60,12,7
60,13,5
61,0,3
61,1,2
61,2,9
61,3,5
61,4,1
61,5,6
61,6,2
61,7,3
61,8,7
61,9,5
61,10,9
61,11,2
61,12,6
61,13,8
61,14,2
62,0,3
62,1,2
62,2,6
62,3,4
62,4,4
62,5,8
62,6,1
62,7,2
62,8,3
62,9,4
62,10,7
62,11,6
63,0,3
63,1,7
63,2,2
63,3,7
63,4,1
63,5,5
63,6,5
63,7,1
63,8,6
63,9,6
63,10,9
63,11,3
64,0,3
64,1,6
64,2,6
64,3,8
64,4,4
64,5,4
64,6,2
64,7,2
64,8,8
64,9,4
64,10,7
64,11,4
64,12,4
64,13,8
64,14,1
64,15,2
64,16,4
64,17,5
64,18,5
65,0,3
65,1,3
65,2,1
65,3,9
65,4,4
65,5,6
65,6,9
65,7,6
65,8,3
65,9,4
65,10,8
65,11,4
65,12,7
66,0,3
66,1,2
66,2,3
66,3,9
66,4,2
66,5,9
66,6,6
66,7,1
66,8,8
66,9,8
66,10,4
66,11,4
66,12,1
67,0,3
67,1,4
67,2,3
67,3,3
67,4,3
67,5,2
67,6,2
67,7,4
67,8,1
67,9,3
67,10,8
67,11,4
67,12,9
67,13,9
67,14,6
67,15,3
67,16,7
67,17,2
67,18,4
67,19,1
67,20,7
67,21,4
67,22,9
67,23,1
67,24,3
67,25,5
67,26,4
67,27,6
67,28,8
67,29,8
67,30,2
68,0,3
68,1,9
68,2,5
68,3,1
68,4,5
68,5,8
68,6,6
68,7,6
68,8,3
68,9,6
68,10,7
68,11,6
68,12,8
68,13,2
68,14,4
68,15,4
68,16,5
68,17,9
68,18,6
68,19,6
68,20,9
68,21,4
68,22,4
68,23,3
68,24,4
68,25,3
68,26,4
68,27,4
68,28,3
68,29,1
68,30,9
68,31,8
68,32,2
68,33,8
68,34,9
68,35,7
68,36,9
68,37,1
68,38,7
68,39,2
68,40,8
68,41,4
68,42,9
68,43,8
68,44,8
68,45,1
68,46,6
68,47,3
68,48,9
68,49,7
68,50,9
68,51,6
68,52,2
69,0,3
69,1,9
69,2,5
69,3,8
69,4,1
69,5,9
69,6,3
69,7,1
69,8,8
69,9,8
69,10,3
69,11,6
69,12,3
69,13,4
69,14,3
69,15,5
69,16,5
69,17,3
69,18,1
69,19,6
69,20,6
69,21,5
69,22,1
69,23,9
69,24,1
69,25,7
69,26,3
69,27,2
69,28,4
69,29,8
69,30,2
69,31,7
69,32,2
69,33,9
69,34,9
69,35,3
69,36,7
69,37,8
69,38,5
69,39,7
69,40,5
69,41,4
69,42,3
69,43,4
69,44,8
69,45,9
69,46,6
69,47,2
69,48,6
69,49,5
69,50,2
69,51,5
69,52,5
70,0,3
70,1,1
70,2,9
70,3,5
70,4,3
70,5,3
70,6,4
70,7,8
70,8,8
70,9,5
70,10,2
70,11,5
70,12,9
70,13,7
70,14,7
70,15,4
70,16,4
70,17,5
70,18,7
70,19,6
70,20,3
70,21,3
70,22,4
70,23,3
70,24,8
70,25,6
70,26,4
70,27,8
70,28,6
70,29,1
70,30,4
70,31,6
70,32,4
70,33,7
70,34,8
70,35,4
70,36,1
70,37,8
70,38,3
70,39,1
70,40,4
70,41,7
70,42,5
70,43,6
70,44,1
71,0,3
71,1,1
71,2,7
71,3,7
71,4,2
71,5,5
71,6,6
71,7,4
71,8,4
71,9,4
71,10,6
71,11,5
71,12,3
71,13,6
71,14,2
71,15,6
71,16,4
71,17,1
71,18,9
71,19,2
71,20,5
71,21,9
71,22,2
71,23,3
71,24,6
71,25,7
71,26,1
71,27,4
71,28,7
72,0,3
72,1,4
72,2,7
72,3,4
72,4,8
72,5,4
72,6,5
72,7,5
72,8,5
72,9,5
72,10,8
72,11,8
72,12,3
72,13,4
72,14,6
72,15,8
72,16,9
72,17,7
72,18,8
72,19,9
72,20,5
72,21,2
72,22,6
72,23,8
72,24,4
72,25,5
72,26,5
72,27,6
72,28,2
73,0,3
73,1,5
73,2,3
73,3,1
73,4,4
73,5,4
73,6,5
73,7,2
73,8,7
73,9,2
73,10,8
73,11,6
73,12,2
73,13,3
73,14,1
73,15,8
73,16,9
73,17,4
73,18,2
73,19,1
73,20,1
74,0,3
74,1,2
74,2,1
74,3,8
74,4,5
74,5,5
74,6,6
74,7,1
74,8,8
74,9,3
74,10,3
74,11,1
74,12,9
74,13,2
74,14,5
74,15,4
74,16,4
74,17,2
74,18,9
74,19,7
74,20,8
74,21,7
74,22,4
74,23,5
74,24,7
74,25,9
74,26,7
74,27,8
74,28,8
74,29,8
74,30,5
74,31,5
74,32,5
74,33,7
74,34,1
74,35,3
74,36,2
74,37,1
74,38,8
74,39,5
74,40,4
74,41,8
74,42,4
74,43,7
74,44,4
74,45,4
74,46,3
74,47,1
74,48,8
74,49,6
74,50,1
74,51,6
74,52,1
74,53,4
74,54,9
74,55,2
74,56,2
75,0,3
75,1,8
75,2,6
75,3,4
75,4,1
75,5,4
75,6,9
75,7,3
75,8,1
75,9,9
75,10,5
75,11,7
75,12,6
75,13,9
75,14,8
75,15,3
75,16,8
75,17,7
75,18,4
75,19,1
75,20,4
75,21,1
75,22,5
75,23,9
75,24,6
75,25,4
75,26,2
75,27,6
75,28,2
75,29,7
75,30,1
75,31,4
75,32,2
75,33,7
75,34,8
75,35,8
75,36,3
75,37,4
75,38,8
75,39,8
75,40,8
76,0,3
76,1,1
76,2,7
76,3,9
76,4,4
76,5,5
76,6,7
76,7,1
76,8,7
76,9,3
76,10,1
76,11,5
76,12,4
76,13,7
76,14,9
76,15,4
76,16,2
76,17,2
76,18,3
76,19,2
76,20,1
76,21,1
76,22,1
76,23,2
76,24,3
76,25,3
76,26,3
76,27,3
76,28,9
76,29,1
76,30,1
76,31,2
77,0,3
77,1,3
77,2,4
77,3,1
77,4,5
77,5,2
77,6,3
77,7,7
77,8,8
77,9,3
77,10,6
77,11,4
77,12,9
77,13,2
77,14,7
77,15,2
77,16,7
77,17,9
77,18,8
77,19,2
77,20,5
77,21,5
77,22,9
77,23,5
77,24,2
77,25,3
77,26,8
77,27,7
77,28,2
77,29,3
77,30,5
77,31,7
77,32,5
77,33,2
77,34,2
77,35,1
77,36,3
77,37,2
77,38,1
77,39,1
77,40,2
77,41,3
77,42,7
77,43,7
77,44,7
77,45,2
77,46,8
77,47,2
77,48,6
77,49,2
77,50,6
78,0,3
78,1,2
78,2,4
78,3,8
78,4,2
78,5,2
78,6,2
78,7,9
78,8,2
78,9,6
78,10,4
78,11,4
78,12,7
78,13,9
78,14,6
78,15,2
78,16,5
78,17,7
78,18,1
78,19,7
78,20,1
78,21,2
78,22,3
78,23,1
78,24,1
78,25,3
78,26,2
78,27,6
78,28,6
78,29,2
78,30,1
78,31,3
78,32,2
78,33,8
78,34,1
78,35,1
78,36,9
78,37,8
78,38,5
78,39,2
78,40,9
79,0,3
79,1,4
79,2,6
79,3,4
79,4,1
79,5,1
79,6,5
79,7,1
79,8,8
79,9,6
79,10,1
79,11,3
79,12,3
79,13,1
79,14,5
79,15,6
79,16,4
79,17,7
79,18,5
79,19,7
79,20,1
79,21,6
79,22,6
79,23,4
79,24,1
79,25,6
79,26,5
79,27,6
79,28,8
79,29,2
79,30,2
79,31,2
79,32,8
79,33,5
79,34,5
79,35,5
79,36,3
79,37,7
79,38,1
79,39,2
79,40,6
79,41,7
79,42,4
79,43,5
79,44,9
79,45,2
79,46,6
80,0,3
80,1,8
80,2,6
80,3,5
80,4,9
80,5,6
80,6,8
80,7,4
80,8,7
80,9,1
80,10,3
80,11,1
80,12,2
80,13,5
80,14,1
80,15,2
80,16,1
80,17,8
80,18,4
80,19,7
80,20,3
80,21,7
80,22,3
80,23,5
80,24,9
80,25,3
80,26,4
80,27,7
80,28,3
80,29,6
80,30,1
80,31,9
80,32,5
80,33,5
80,34,1
80,35,4
80,36,9
80,37,3
80,38,9
80,39,3
80,40,8
80,41,2
80,42,9
81,0,3
81,1,4
81,2,1
81,3,5
81,4,1
81,5,5
81,6,2
81,7,1
81,8,4
81,9,3
81,10,4
81,11,4
81,12,9
81,13,9
81,14,2
81,15,2
81,16,6
81,17,7
81,18,7
81,19,5
81,20,8
81,21,5
81,22,8
81,23,8
81,24,8
81,25,9
81,26,8
81,27,6
81,28,1
81,29,8
82,0,3
82,1,9
82,2,8
82,3,4
82,4,5
82,5,2
82,6,9
82,7,8
82,8,5
82,9,8
82,10,1
82,11,7
82,12,1
82,13,2
82,14,4
82,15,1
82,16,6
82,17,6
82,18,9
82,19,5
83,0,3
83,1,6
83,2,8
83,3,3
83,4,2
83,5,8
83,6,8
83,7,3
83,8,5
83,9,8
83,10,2
83,11,4
83,12,7
83,13,4
83,14,3
83,15,3
83,16,3
83,17,7
83,18,8
83,19,3
83,20,8
83,21,6
83,22,2
83,23,5
83,24,9
83,25,1
83,26,3
83,27,1
83,28,9
83,29,1
83,30,5
83,31,7
83,32,6
83,33,1
83,34,4
83,35,5
83,36,7
84,0,3
84,1,3
84,2,1
84,3,6
84,4,4
84,5,1
84,6,5
84,7,4
84,8,3
84,9,4
84,10,6
84,11,8
84,12,1
84,13,9
84,14,2
84,15,6
84,16,6
84,17,5
84,18,2
84,19,1
84,20,5
84,21,8
84,22,1
84,23,2
84,24,7
84,25,6
85,0,3
85,1,6
85,2,7
85,3,2
85,4,9
85,5,9
85,6,7
85,7,5
85,8,9
85,9,2
85,10,5
85,11,3
85,12,5
85,13,4
85,14,8
85,15,9
85,16,8
85,17,2
85,18,8
85,19,3
85,20,5
85,21,9
85,22,7
86,0,3
86,1,9
86,2,7
86,3,2
86,4,9
86,5,5
86,6,3
86,7,4
86,8,5
86,9,1
86,10,5
86,11,5
86,12,3
86,13,8
86,14,7
86,15,6
86,16,4
86,17,7
87,0,3
87,1,4
87,2,7
87,3,7
87,4,3
87,5,5
87,6,9
87,7,4
87,8,2
87,9,2
87,10,2
87,11,1
87,12,4
87,13,1
87,14,3
87,15,4
87,16,6
87,17,6
87,18,3
87,19,1
88,0,3
88,1,3
88,2,6
88,3,4
88,4,8
88,5,8
88,6,3
88,7,9
88,8,6
88,9,3
88,10,1
88,11,5
88,12,3
88,13,2
88,14,8
88,15,4
88,16,9
88,17,9
88,18,5
88,19,1
88,20,1
88,21,1
88,22,6
88,23,1
88,24,2
88,25,4
88,26,4
89,0,3
89,1,5
89,2,8
89,3,5
89,4,8
89,5,1
89,6,9
89,7,3
89,8,5
89,9,3
89,10,8
89,11,3
89,12,9
89,13,2
89,14,5
89,15,9
89,16,3
89,17,7
89,18,6
89,19,4
89,20,8
89,21,9
89,22,9
89,23,8
89,24,4
89,25,2
89,26,9
89,27,5
89,28,6
89,29,2
89,30,7
90,0,3
90,1,8
90,2,1
90,3,8
90,4,9
90,5,6
90,6,9
90,7,7
90,8,8
90,9,4
90,10,4
90,11,3
90,12,8
90,13,1
90,14,2
90,15,5
90,16,5
90,17,1
90,18,2
90,19,7
90,20,4
91,0,3
91,1,7
91,2,4
91,3,9
91,4,2
91,5,2
91,6,2
91,7,1
91,8,4
91,9,5
91,10,1
91,11,5
91,12,4
91,13,8
91,14,7
91,15,7
92,0,3
92,1,5
92,2,7
92,3,4
92,4,1
92,5,9
92,6,1
92,7,4
92,8,2
92,9,7
92,10,1
92,11,6
92,12,3
92,13,6
92,14,5
92,15,3
92,16,7
92,17,4
92,18,1
92,19,2
92,20,9
92,21,5
93,0,3
93,1,9
93,2,9
93,3,1
93,4,8
93,5,6
93,6,8
93,7,7
93,8,5
93,9,7
93,10,1
93,11,2
94,0,3
94,1,3
94,2,1
94,3,9
94,4,2
94,5,9
94,6,1
94,7,3
94,8,4
95,0,3
95,1,8
95,2,5
95,3,2
95,4,1
95,5,9
95,6,5
95,7,2
95,8,2
96,0,3
96,1,1
96,2,7
96,3,3
96,4,4
96,5,9
96,6,4
96,7,4
96,8,7
96,9,6
96,10,9
96,11,3
96,12,5
96,13,1
96,14,2
96,15,3
96,16,3
96,17,3
96,18,1
96,19,8
97,0,3
97,1,2
97,2,3
97,3,8
97,4,2
97,5,1
98,0,3
98,1,2
98,2,3
98,3,6
98,4,5
98,5,6
98,6,2
98,7,5
98,8,1
99,0,3
99,1,3
99,2,9
99,3,2
99,4,4
99,5,3
99,6,4
99,7,5
99,8,8
100,0,3
100,1,2
100,2,8
100,3,9
100,4,6
100,5,2
100,6,6
100,7,2
100,8,4
100,9,1
100,10,2
100,11,9
101,0,3
101,1,1
101,2,6
101,3,9
101,4,6
101,5,8
101,6,2
101,7,5
101,8,5
101,9,8
101,10,1
101,11,8
102,0,3
102,1,7
102,2,8
102,3,1
102,4,1
102,5,7
102,6,4
102,7,6
102,8,2
103,0,3
103,1,1
103,2,9
103,3,6
104,0,3
104,1,2
104,2,7
104,3,1
104,4,4
104,5,1
104,6,7
104,7,2
104,8,8
104,9,8
105,0,3
105,1,7
105,2,3
105,3,7
105,4,8
105,5,9
106,0,3
106,1,6
106,2,9
106,3,6
106,4,3
107,0,3
107,1,4
107,2,4
107,3,9
107,4,1
107,5,6
107,6,6
107,7,7
108,0,3
108,1,7
108,2,6
108,3,6
109,0,3
109,1,6
109,2,6
109,3,5
109,4,3
109,5,5
109,6,9
110,0,3
110,1,9
110,2,7
110,3,6
111,0,3
111,1,6
111,2,1
111,3,6
111,4,3
111,5,5
112,0,3
112,1,4
112,2,6
112,3,6
112,4,5
113,0,3
113,1,2
113,2,2
113,3,2
113,4,1
113,5,3
114,0,3
114,1,2
114,2,7
114,3,7
114,4,2
114,5,2
114,6,2
